{"achievement.openInventory":131,"stat.killEntity.Sheep":4,"stat.damageDealt":2020,"stat.useItem.3":11,"achievement.exploreAllBiomes":{"value":0,"progress":["Deep Ocean","Plains","Beach"]},"stat.mineBlock.31":2,"stat.killEntity.Cow":8,"stat.useItem.5":26,"stat.useItem.323":16,"stat.drop":16,"stat.flyOneCm":3710,"stat.playOneMinute":70876,"stat.useItem.116":1,"stat.diveOneCm":4745,"stat.useItem.383":8,"stat.walkOneCm":73265,"stat.jump":51,"stat.useItem.145":2,"stat.swimOneCm":2883,"stat.useItem.389":16,"stat.mobKills":12}